<Vorlesungen>
    <Vorlesung>
        <Name>Informatik</Name>
        <Raumnummer>2020</Raumnummer>
        <Wochentag>Dienstag</Wochentag>
        <Uhrzeit>12:30</Uhrzeit>
        <Semester>2</Semester>
    </Vorlesung>
    <Vorlesung>
        <Name>Produktfotografie</Name>
        <Raumnummer>1100</Raumnummer>
        <Wochentag>Freitag</Wochentag>
        <Uhrzeit>09:30</Uhrzeit>
	<Semester>4</Semester>
    </Vorlesung>
    <Vorlesung>
        <Name>Videoproduktion</Name>
        <Raumnummer>1160</Raumnummer>
        <Wochentag>Dienstag</Wochentag>
        <Uhrzeit>14:30</Uhrzeit>
	<Semester>2</Semester>
    </Vorlesung>
    <Vorlesung>
        <Name>Informatik</Name>
        <Raumnummer>2012</Raumnummer>
        <Wochentag>Donnerstag</Wochentag>
        <Uhrzeit>11:30</Uhrzeit>
	<Semester>2</Semester>
    </Vorlesung>
    <Vorlesung>
        <Name>Informatik</Name>
        <Raumnummer>1500</Raumnummer>
        <Wochentag>Freitag</Wochentag>
        <Uhrzeit>12:30</Uhrzeit>
	<Semester>2</Semester>
    </Vorlesung>
    <Vorlesung>
        <Name>Videoproduktion</Name>
        <Raumnummer>1100</Raumnummer>
        <Wochentag>Montag</Wochentag>
        <Uhrzeit>16:00</Uhrzeit>
	<Semester>2</Semester>
    </Vorlesung>
</Vorlesungen>